<?xml version="1.0" encoding="UTF-8" standalone="yes"?>
<addon id="vinsanrepository" name="VINSAN Repository" version="1.0.4" provider-name="vinsan">
    <extension point="xbmc.addon.repository" name="Example Repository">
        <dir>
            <info compressed="false">https://raw.githubusercontent.com/vinsan-repo/vinsanrepository/master/zips/addons.xml</info>
            <checksum>https://raw.githubusercontent.com/vinsan-repo/vinsanrepository/master/zips/addons.xml.md5</checksum>
            <datadir zip="true">https://raw.githubusercontent.com/vinsan-repo/vinsanrepository/master/zips/</datadir>
        </dir>
    </extension>
    <extension point="xbmc.addon.metadata">
        <summary>VINSAN Repository</summary>
        <description>KODI Repository for addons</description>
        <disclaimer></disclaimer>
        <platform>all</platform>
        <assets>
            <icon>icon.png</icon>
            <fanart>fanart.jpg</fanart>
        </assets>
    </extension>
</addon>